period,stateid,stateDescription,sectorid,sectorName,price,sales,price-units,sales-units
2019-04,US,U.S. Total,RES,residential,13.25,90383.8218,cents per kilowatt-hour,million kilowatt hours
2013-03,US,U.S. Total,RES,residential,11.61,112096.72548,cents per kilowatt-hour,million kilowatt hours
2019-01,US,U.S. Total,RES,residential,12.47,133317.55017,cents per kilowatt-hour,million kilowatt hours
2019-02,US,U.S. Total,RES,residential,12.72,116608.00237,cents per kilowatt-hour,million kilowatt hours
2023-08,US,U.S. Total,RES,residential,15.91,161460.19193,cents per kilowatt-hour,million kilowatt hours
2024-09,US,U.S. Total,RES,residential,16.82,128325.74777,cents per kilowatt-hour,million kilowatt hours
2022-11,US,U.S. Total,RES,residential,15.55,103152.07773,cents per kilowatt-hour,million kilowatt hours
2015-11,US,U.S. Total,RES,residential,12.71,92677.74922,cents per kilowatt-hour,million kilowatt hours
2020-10,US,U.S. Total,RES,residential,13.66,105513.9361,cents per kilowatt-hour,million kilowatt hours
2015-09,US,U.S. Total,RES,residential,13.03,125416.66628,cents per kilowatt-hour,million kilowatt hours
2016-08,US,U.S. Total,RES,residential,12.88,156441.5236,cents per kilowatt-hour,million kilowatt hours
2010-06,US,U.S. Total,RES,residential,11.91,127495.96897,cents per kilowatt-hour,million kilowatt hours
2020-11,US,U.S. Total,RES,residential,13.31,99660.93654,cents per kilowatt-hour,million kilowatt hours
2024-11,US,U.S. Total,RES,residential,17,99355.72577,cents per kilowatt-hour,million kilowatt hours
2023-10,US,U.S. Total,RES,residential,16.48,103313.77418,cents per kilowatt-hour,million kilowatt hours
2022-02,US,U.S. Total,RES,residential,13.76,125342.30282,cents per kilowatt-hour,million kilowatt hours
2022-07,US,U.S. Total,RES,residential,15.31,164276.57789,cents per kilowatt-hour,million kilowatt hours
2013-06,US,U.S. Total,RES,residential,12.54,117982.10632,cents per kilowatt-hour,million kilowatt hours
2023-05,US,U.S. Total,RES,residential,16.14,100230.51299,cents per kilowatt-hour,million kilowatt hours
2024-01,US,U.S. Total,RES,residential,15.44,142947.54574,cents per kilowatt-hour,million kilowatt hours
2025-02,US,U.S. Total,RES,residential,16.44,127797.32052,cents per kilowatt-hour,million kilowatt hours
2022-05,US,U.S. Total,RES,residential,14.89,110070.73408,cents per kilowatt-hour,million kilowatt hours
2024-08,US,U.S. Total,RES,residential,16.61,159643.42127,cents per kilowatt-hour,million kilowatt hours
2022-03,US,U.S. Total,RES,residential,14.41,111438.58992,cents per kilowatt-hour,million kilowatt hours
2025-01,US,U.S. Total,RES,residential,15.95,152647.99194,cents per kilowatt-hour,million kilowatt hours
2023-04,US,U.S. Total,RES,residential,16.1,96195.85958,cents per kilowatt-hour,million kilowatt hours
2022-10,US,U.S. Total,RES,residential,15.99,99792.19117,cents per kilowatt-hour,million kilowatt hours
2022-08,US,U.S. Total,RES,residential,15.82,160271.46691,cents per kilowatt-hour,million kilowatt hours
2022-04,US,U.S. Total,RES,residential,14.57,97431.84407,cents per kilowatt-hour,million kilowatt hours
2024-06,US,U.S. Total,RES,residential,16.39,139149.0505,cents per kilowatt-hour,million kilowatt hours
2024-05,US,U.S. Total,RES,residential,16.41,107861.78644,cents per kilowatt-hour,million kilowatt hours
2023-02,US,U.S. Total,RES,residential,15.98,112105.18081,cents per kilowatt-hour,million kilowatt hours
2024-04,US,U.S. Total,RES,residential,16.86,95053.38231,cents per kilowatt-hour,million kilowatt hours
2022-09,US,U.S. Total,RES,residential,16.19,129241.3183,cents per kilowatt-hour,million kilowatt hours
2024-12,US,U.S. Total,RES,residential,16.26,126068.45673,cents per kilowatt-hour,million kilowatt hours
2022-01,US,U.S. Total,RES,residential,13.64,140504.06917,cents per kilowatt-hour,million kilowatt hours
2023-11,US,U.S. Total,RES,residential,16.19,101906.58739,cents per kilowatt-hour,million kilowatt hours
2022-06,US,U.S. Total,RES,residential,15.3,136310.28781,cents per kilowatt-hour,million kilowatt hours
2023-07,US,U.S. Total,RES,residential,15.86,159714.83353,cents per kilowatt-hour,million kilowatt hours
2022-12,US,U.S. Total,RES,residential,14.94,131401.70248,cents per kilowatt-hour,million kilowatt hours
2023-12,US,U.S. Total,RES,residential,15.69,118916.96042,cents per kilowatt-hour,million kilowatt hours
2023-01,US,U.S. Total,RES,residential,15.47,131637.74262,cents per kilowatt-hour,million kilowatt hours
2023-03,US,U.S. Total,RES,residential,16.04,110416.92317,cents per kilowatt-hour,million kilowatt hours
2023-06,US,U.S. Total,RES,residential,16.09,121319.611,cents per kilowatt-hour,million kilowatt hours
2010-01,US,U.S. Total,RES,residential,10.49,147499.8756,cents per kilowatt-hour,million kilowatt hours
2008-07,US,U.S. Total,RES,residential,12.07,143179.15198,cents per kilowatt-hour,million kilowatt hours
2008-08,US,U.S. Total,RES,residential,12.09,138459.9164,cents per kilowatt-hour,million kilowatt hours
2010-10,US,U.S. Total,RES,residential,11.86,96688.03347,cents per kilowatt-hour,million kilowatt hours
2009-09,US,U.S. Total,RES,residential,11.96,115163.38169,cents per kilowatt-hour,million kilowatt hours
2008-03,US,U.S. Total,RES,residential,10.45,107162.48294,cents per kilowatt-hour,million kilowatt hours
2008-09,US,U.S. Total,RES,residential,11.92,117078.13536,cents per kilowatt-hour,million kilowatt hours
2009-10,US,U.S. Total,RES,residential,11.65,98552.02288,cents per kilowatt-hour,million kilowatt hours
2015-05,US,U.S. Total,RES,residential,12.93,95160.53288,cents per kilowatt-hour,million kilowatt hours
2020-07,US,U.S. Total,RES,residential,13.21,167108.14157,cents per kilowatt-hour,million kilowatt hours
2020-05,US,U.S. Total,RES,residential,13.1,105680.94308,cents per kilowatt-hour,million kilowatt hours
2019-05,US,U.S. Total,RES,residential,13.31,100331.07128,cents per kilowatt-hour,million kilowatt hours
2009-11,US,U.S. Total,RES,residential,11.26,93027.97812,cents per kilowatt-hour,million kilowatt hours
2020-02,US,U.S. Total,RES,residential,12.82,112122.8819,cents per kilowatt-hour,million kilowatt hours
2020-04,US,U.S. Total,RES,residential,13.24,97759.20304,cents per kilowatt-hour,million kilowatt hours
2010-07,US,U.S. Total,RES,residential,12.04,154688.71374,cents per kilowatt-hour,million kilowatt hours
2009-07,US,U.S. Total,RES,residential,11.85,137497.95889,cents per kilowatt-hour,million kilowatt hours
2015-06,US,U.S. Total,RES,residential,12.92,120299.75351,cents per kilowatt-hour,million kilowatt hours
2019-03,US,U.S. Total,RES,residential,12.84,112605.41506,cents per kilowatt-hour,million kilowatt hours
2020-08,US,U.S. Total,RES,residential,13.26,158939.14743,cents per kilowatt-hour,million kilowatt hours
2003-09,US,U.S. Total,RES,residential,8.92,113848.98343,cents per kilowatt-hour,million kilowatt hours
2005-12,US,U.S. Total,RES,residential,9.27,120177.22149,cents per kilowatt-hour,million kilowatt hours
2003-08,US,U.S. Total,RES,residential,9.22,134467.79929,cents per kilowatt-hour,million kilowatt hours
2019-11,US,U.S. Total,RES,residential,13.03,102452.92208,cents per kilowatt-hour,million kilowatt hours
2007-07,US,U.S. Total,RES,residential,11.07,139027.02976,cents per kilowatt-hour,million kilowatt hours
2004-04,US,U.S. Total,RES,residential,8.93,85376.86512,cents per kilowatt-hour,million kilowatt hours
2007-09,US,U.S. Total,RES,residential,10.96,129512.02449,cents per kilowatt-hour,million kilowatt hours
2006-02,US,U.S. Total,RES,residential,9.8,104511.06304,cents per kilowatt-hour,million kilowatt hours
2006-01,US,U.S. Total,RES,residential,9.55,120418.84511,cents per kilowatt-hour,million kilowatt hours
2005-04,US,U.S. Total,RES,residential,9.22,86749.1599,cents per kilowatt-hour,million kilowatt hours
2003-06,US,U.S. Total,RES,residential,9.25,101285.79246,cents per kilowatt-hour,million kilowatt hours
2005-06,US,U.S. Total,RES,residential,9.79,116627.43754,cents per kilowatt-hour,million kilowatt hours
2007-10,US,U.S. Total,RES,residential,10.82,103753.92219,cents per kilowatt-hour,million kilowatt hours
2007-08,US,U.S. Total,RES,residential,11.07,150101.49426,cents per kilowatt-hour,million kilowatt hours
2009-03,US,U.S. Total,RES,residential,11.28,106501.36115,cents per kilowatt-hour,million kilowatt hours
2013-05,US,U.S. Total,RES,residential,12.4,95191.59812,cents per kilowatt-hour,million kilowatt hours
2013-04,US,U.S. Total,RES,residential,11.93,95540.85075,cents per kilowatt-hour,million kilowatt hours
2003-07,US,U.S. Total,RES,residential,9.21,130673.85672,cents per kilowatt-hour,million kilowatt hours
2019-07,US,U.S. Total,RES,residential,13.26,153748.88906,cents per kilowatt-hour,million kilowatt hours
2006-03,US,U.S. Total,RES,residential,9.87,104955.19201,cents per kilowatt-hour,million kilowatt hours
2001-05,US,U.S. Total,RES,residential,8.83,81731.15295,cents per kilowatt-hour,million kilowatt hours
2003-05,US,U.S. Total,RES,residential,8.99,87804.37208,cents per kilowatt-hour,million kilowatt hours
2005-10,US,U.S. Total,RES,residential,9.76,102685.87866,cents per kilowatt-hour,million kilowatt hours
2011-11,US,U.S. Total,RES,residential,11.78,93220.49602,cents per kilowatt-hour,million kilowatt hours
2008-10,US,U.S. Total,RES,residential,11.81,96110.5902,cents per kilowatt-hour,million kilowatt hours
2008-04,US,U.S. Total,RES,residential,10.93,92165.89406,cents per kilowatt-hour,million kilowatt hours
2011-09,US,U.S. Total,RES,residential,12.17,122719.49868,cents per kilowatt-hour,million kilowatt hours
2005-09,US,U.S. Total,RES,residential,9.94,126515.63542,cents per kilowatt-hour,million kilowatt hours
2011-01,US,U.S. Total,RES,residential,10.87,145061.68779,cents per kilowatt-hour,million kilowatt hours
2001-06,US,U.S. Total,RES,residential,9.07,99407.29496,cents per kilowatt-hour,million kilowatt hours
2021-01,US,U.S. Total,RES,residential,12.62,136682.35148,cents per kilowatt-hour,million kilowatt hours
2006-05,US,U.S. Total,RES,residential,10.61,93999.95079,cents per kilowatt-hour,million kilowatt hours
2009-08,US,U.S. Total,RES,residential,11.94,138222.67826,cents per kilowatt-hour,million kilowatt hours
2004-07,US,U.S. Total,RES,residential,9.36,129305.34718,cents per kilowatt-hour,million kilowatt hours
2004-08,US,U.S. Total,RES,residential,9.5,126423.33984,cents per kilowatt-hour,million kilowatt hours
2004-10,US,U.S. Total,RES,residential,9.05,93466.16898,cents per kilowatt-hour,million kilowatt hours
2005-11,US,U.S. Total,RES,residential,9.76,91686.57128,cents per kilowatt-hour,million kilowatt hours
2005-05,US,U.S. Total,RES,residential,9.56,87384.11153,cents per kilowatt-hour,million kilowatt hours
2011-10,US,U.S. Total,RES,residential,12.08,94585.12049,cents per kilowatt-hour,million kilowatt hours
2004-11,US,U.S. Total,RES,residential,8.96,89649.74085,cents per kilowatt-hour,million kilowatt hours
2008-06,US,U.S. Total,RES,residential,11.77,121375.87566,cents per kilowatt-hour,million kilowatt hours
2006-10,US,U.S. Total,RES,residential,10.58,96246.21398,cents per kilowatt-hour,million kilowatt hours
2007-01,US,U.S. Total,RES,residential,10.06,125286.23581,cents per kilowatt-hour,million kilowatt hours
2003-12,US,U.S. Total,RES,residential,8.3,113083.8514,cents per kilowatt-hour,million kilowatt hours
2006-08,US,U.S. Total,RES,residential,10.94,150064.42521,cents per kilowatt-hour,million kilowatt hours
2019-08,US,U.S. Total,RES,residential,13.3,150083.05574,cents per kilowatt-hour,million kilowatt hours
2001-08,US,U.S. Total,RES,residential,9.01,129205.36178,cents per kilowatt-hour,million kilowatt hours
2007-06,US,U.S. Total,RES,residential,11.09,117417.59514,cents per kilowatt-hour,million kilowatt hours
2006-07,US,U.S. Total,RES,residential,10.96,147338.32912,cents per kilowatt-hour,million kilowatt hours
2007-05,US,U.S. Total,RES,residential,10.77,96388.85378,cents per kilowatt-hour,million kilowatt hours
2001-07,US,U.S. Total,RES,residential,9.03,120707.42753,cents per kilowatt-hour,million kilowatt hours
2007-03,US,U.S. Total,RES,residential,10.27,105694.7597,cents per kilowatt-hour,million kilowatt hours
2004-06,US,U.S. Total,RES,residential,9.29,112335.13296,cents per kilowatt-hour,million kilowatt hours
2001-01,US,U.S. Total,RES,residential,7.73,127065.78354,cents per kilowatt-hour,million kilowatt hours
2006-06,US,U.S. Total,RES,residential,10.85,118815.30772,cents per kilowatt-hour,million kilowatt hours
2006-12,US,U.S. Total,RES,residential,9.84,114881.59882,cents per kilowatt-hour,million kilowatt hours
2007-04,US,U.S. Total,RES,residential,10.63,90282.04653,cents per kilowatt-hour,million kilowatt hours
2006-09,US,U.S. Total,RES,residential,10.94,116072.16359,cents per kilowatt-hour,million kilowatt hours
2006-04,US,U.S. Total,RES,residential,10.32,89374.09543,cents per kilowatt-hour,million kilowatt hours
2001-04,US,U.S. Total,RES,residential,8.46,82453.7826,cents per kilowatt-hour,million kilowatt hours
2011-12,US,U.S. Total,RES,residential,11.4,116341.02312,cents per kilowatt-hour,million kilowatt hours
2001-02,US,U.S. Total,RES,residential,8.04,99877.67304,cents per kilowatt-hour,million kilowatt hours
2011-04,US,U.S. Total,RES,residential,11.67,93701.63929,cents per kilowatt-hour,million kilowatt hours
2019-09,US,U.S. Total,RES,residential,13.16,131566.72667,cents per kilowatt-hour,million kilowatt hours
2021-12,US,U.S. Total,RES,residential,13.72,117695.50509,cents per kilowatt-hour,million kilowatt hours
2021-08,US,U.S. Total,RES,residential,13.92,157791.77207,cents per kilowatt-hour,million kilowatt hours
2003-11,US,U.S. Total,RES,residential,8.72,86658.68148,cents per kilowatt-hour,million kilowatt hours
2007-02,US,U.S. Total,RES,residential,9.89,121464.24918,cents per kilowatt-hour,million kilowatt hours
2006-11,US,U.S. Total,RES,residential,10.18,94842.85118,cents per kilowatt-hour,million kilowatt hours
2003-10,US,U.S. Total,RES,residential,8.85,89780.85959,cents per kilowatt-hour,million kilowatt hours
2002-12,US,U.S. Total,RES,residential,8.08,109266.37941,cents per kilowatt-hour,million kilowatt hours
2002-08,US,U.S. Total,RES,residential,8.72,134332.46833,cents per kilowatt-hour,million kilowatt hours
2021-09,US,U.S. Total,RES,residential,14.14,131111.30373,cents per kilowatt-hour,million kilowatt hours
2001-03,US,U.S. Total,RES,residential,8.32,92804.58576,cents per kilowatt-hour,million kilowatt hours
2012-06,US,U.S. Total,RES,residential,12.09,122934.13138,cents per kilowatt-hour,million kilowatt hours
2024-07,US,U.S. Total,RES,residential,16.61,165592.14325,cents per kilowatt-hour,million kilowatt hours
2010-08,US,U.S. Total,RES,residential,12.03,154053.43099,cents per kilowatt-hour,million kilowatt hours
2002-10,US,U.S. Total,RES,residential,8.47,94531.34312,cents per kilowatt-hour,million kilowatt hours
2003-04,US,U.S. Total,RES,residential,8.82,83448.24421,cents per kilowatt-hour,million kilowatt hours
2002-03,US,U.S. Total,RES,residential,8.17,95318.66735,cents per kilowatt-hour,million kilowatt hours
2002-11,US,U.S. Total,RES,residential,8.31,88822.30318,cents per kilowatt-hour,million kilowatt hours
2012-05,US,U.S. Total,RES,residential,11.9,100895.11737,cents per kilowatt-hour,million kilowatt hours
2009-01,US,U.S. Total,RES,residential,10.98,136228.78303,cents per kilowatt-hour,million kilowatt hours
2021-02,US,U.S. Total,RES,residential,13.01,126549.55737,cents per kilowatt-hour,million kilowatt hours
2009-05,US,U.S. Total,RES,residential,11.78,94312.17694,cents per kilowatt-hour,million kilowatt hours
2011-05,US,U.S. Total,RES,residential,11.93,97689.09798,cents per kilowatt-hour,million kilowatt hours
2011-03,US,U.S. Total,RES,residential,11.52,104922.12296,cents per kilowatt-hour,million kilowatt hours
2009-02,US,U.S. Total,RES,residential,11.18,115212.23344,cents per kilowatt-hour,million kilowatt hours
2002-02,US,U.S. Total,RES,residential,8.19,96592.93277,cents per kilowatt-hour,million kilowatt hours
2002-04,US,U.S. Total,RES,residential,8.37,85407.60661,cents per kilowatt-hour,million kilowatt hours
2014-06,US,U.S. Total,RES,residential,12.99,118049.03675,cents per kilowatt-hour,million kilowatt hours
2011-07,US,U.S. Total,RES,residential,12.09,154728.9198,cents per kilowatt-hour,million kilowatt hours
2011-08,US,U.S. Total,RES,residential,12.09,153738.7326,cents per kilowatt-hour,million kilowatt hours
2004-03,US,U.S. Total,RES,residential,8.62,98947.20745,cents per kilowatt-hour,million kilowatt hours
2012-03,US,U.S. Total,RES,residential,11.7,99361.68572,cents per kilowatt-hour,million kilowatt hours
2001-09,US,U.S. Total,RES,residential,8.92,105943.19324,cents per kilowatt-hour,million kilowatt hours
2002-09,US,U.S. Total,RES,residential,8.59,115833.03265,cents per kilowatt-hour,million kilowatt hours
2007-11,US,U.S. Total,RES,residential,10.7,95904.83059,cents per kilowatt-hour,million kilowatt hours
2001-12,US,U.S. Total,RES,residential,8.29,96184.05438,cents per kilowatt-hour,million kilowatt hours
2007-12,US,U.S. Total,RES,residential,10.33,117407.95458,cents per kilowatt-hour,million kilowatt hours
2011-02,US,U.S. Total,RES,residential,11.06,120109.96908,cents per kilowatt-hour,million kilowatt hours
2014-09,US,U.S. Total,RES,residential,12.95,120741.34746,cents per kilowatt-hour,million kilowatt hours
2001-11,US,U.S. Total,RES,residential,8.47,80806.69409,cents per kilowatt-hour,million kilowatt hours
2003-03,US,U.S. Total,RES,residential,8.35,99561.31168,cents per kilowatt-hour,million kilowatt hours
2004-01,US,U.S. Total,RES,residential,8.24,127121.38323,cents per kilowatt-hour,million kilowatt hours
2010-02,US,U.S. Total,RES,residential,10.89,122840.19897,cents per kilowatt-hour,million kilowatt hours
2009-06,US,U.S. Total,RES,residential,11.81,114395.18493,cents per kilowatt-hour,million kilowatt hours
2005-08,US,U.S. Total,RES,residential,9.93,146904.77969,cents per kilowatt-hour,million kilowatt hours
2008-11,US,U.S. Total,RES,residential,11.42,95766.49248,cents per kilowatt-hour,million kilowatt hours
2004-12,US,U.S. Total,RES,residential,8.58,113956.43153,cents per kilowatt-hour,million kilowatt hours
2014-08,US,U.S. Total,RES,residential,13.04,135829.7966,cents per kilowatt-hour,million kilowatt hours
2012-01,US,U.S. Total,RES,residential,11.41,125881.48337,cents per kilowatt-hour,million kilowatt hours
2003-02,US,U.S. Total,RES,residential,8.02,110937.36996,cents per kilowatt-hour,million kilowatt hours
2005-02,US,U.S. Total,RES,residential,8.76,106666.9134,cents per kilowatt-hour,million kilowatt hours
2004-05,US,U.S. Total,RES,residential,9.07,90598.21162,cents per kilowatt-hour,million kilowatt hours
2010-03,US,U.S. Total,RES,residential,11.11,111789.98549,cents per kilowatt-hour,million kilowatt hours
2002-06,US,U.S. Total,RES,residential,8.73,107169.9945,cents per kilowatt-hour,million kilowatt hours
2002-01,US,U.S. Total,RES,residential,8.07,116891.8012,cents per kilowatt-hour,million kilowatt hours
2021-05,US,U.S. Total,RES,residential,13.86,101160.29411,cents per kilowatt-hour,million kilowatt hours
2003-01,US,U.S. Total,RES,residential,8,124272.7877,cents per kilowatt-hour,million kilowatt hours
2002-05,US,U.S. Total,RES,residential,8.64,87318.53904,cents per kilowatt-hour,million kilowatt hours
2004-02,US,U.S. Total,RES,residential,8.33,112464.05547,cents per kilowatt-hour,million kilowatt hours
2001-10,US,U.S. Total,RES,residential,8.84,85419.58912,cents per kilowatt-hour,million kilowatt hours
2012-02,US,U.S. Total,RES,residential,11.51,107975.35744,cents per kilowatt-hour,million kilowatt hours
2021-06,US,U.S. Total,RES,residential,13.83,132153.48565,cents per kilowatt-hour,million kilowatt hours
2004-09,US,U.S. Total,RES,residential,9.39,112337.69377,cents per kilowatt-hour,million kilowatt hours
2005-01,US,U.S. Total,RES,residential,8.52,125287.85857,cents per kilowatt-hour,million kilowatt hours
2005-07,US,U.S. Total,RES,residential,9.77,144476.33645,cents per kilowatt-hour,million kilowatt hours
2005-03,US,U.S. Total,RES,residential,8.87,104065.20308,cents per kilowatt-hour,million kilowatt hours
2008-02,US,U.S. Total,RES,residential,10.16,118553.64589,cents per kilowatt-hour,million kilowatt hours
2002-07,US,U.S. Total,RES,residential,8.82,133694.80084,cents per kilowatt-hour,million kilowatt hours
2013-08,US,U.S. Total,RES,residential,12.53,138065.06955,cents per kilowatt-hour,million kilowatt hours
2017-07,US,U.S. Total,RES,residential,13.08,149900.48178,cents per kilowatt-hour,million kilowatt hours
2016-04,US,U.S. Total,RES,residential,12.43,88244.34036,cents per kilowatt-hour,million kilowatt hours
2018-06,US,U.S. Total,RES,residential,13.03,129912.8992,cents per kilowatt-hour,million kilowatt hours
2008-12,US,U.S. Total,RES,residential,10.86,125195.49051,cents per kilowatt-hour,million kilowatt hours
2018-01,US,U.S. Total,RES,residential,12.22,148917.3837,cents per kilowatt-hour,million kilowatt hours
2010-12,US,U.S. Total,RES,residential,11.06,130013.88415,cents per kilowatt-hour,million kilowatt hours
2015-02,US,U.S. Total,RES,residential,12.29,123837.72058,cents per kilowatt-hour,million kilowatt hours
2018-02,US,U.S. Total,RES,residential,12.63,113751.28019,cents per kilowatt-hour,million kilowatt hours
2015-04,US,U.S. Total,RES,residential,12.62,90199.18738,cents per kilowatt-hour,million kilowatt hours
2010-05,US,U.S. Total,RES,residential,11.91,94843.00591,cents per kilowatt-hour,million kilowatt hours
2009-04,US,U.S. Total,RES,residential,11.5,91631.16242,cents per kilowatt-hour,million kilowatt hours
2016-01,US,U.S. Total,RES,residential,11.99,130971.84829,cents per kilowatt-hour,million kilowatt hours
2016-03,US,U.S. Total,RES,residential,12.56,100226.57541,cents per kilowatt-hour,million kilowatt hours
2016-09,US,U.S. Total,RES,residential,12.87,129362.93162,cents per kilowatt-hour,million kilowatt hours
2016-02,US,U.S. Total,RES,residential,12.14,115959.425,cents per kilowatt-hour,million kilowatt hours
2018-07,US,U.S. Total,RES,residential,13.13,153566.05021,cents per kilowatt-hour,million kilowatt hours
2008-01,US,U.S. Total,RES,residential,10.14,133368.44196,cents per kilowatt-hour,million kilowatt hours
2009-12,US,U.S. Total,RES,residential,10.9,124013.23123,cents per kilowatt-hour,million kilowatt hours
2012-12,US,U.S. Total,RES,residential,11.62,114187.60211,cents per kilowatt-hour,million kilowatt hours
2008-05,US,U.S. Total,RES,residential,11.4,92245.62751,cents per kilowatt-hour,million kilowatt hours
2017-10,US,U.S. Total,RES,residential,12.8,102811.04302,cents per kilowatt-hour,million kilowatt hours
2021-04,US,U.S. Total,RES,residential,13.73,93890.87998,cents per kilowatt-hour,million kilowatt hours
2018-04,US,U.S. Total,RES,residential,12.88,95453.61577,cents per kilowatt-hour,million kilowatt hours
2018-05,US,U.S. Total,RES,residential,13.12,103847.99899,cents per kilowatt-hour,million kilowatt hours
2012-07,US,U.S. Total,RES,residential,12,154579.07102,cents per kilowatt-hour,million kilowatt hours
2017-04,US,U.S. Total,RES,residential,12.72,90724.50386,cents per kilowatt-hour,million kilowatt hours
2017-06,US,U.S. Total,RES,residential,13.2,122543.16906,cents per kilowatt-hour,million kilowatt hours
2017-09,US,U.S. Total,RES,residential,13.28,118778.78233,cents per kilowatt-hour,million kilowatt hours
2010-11,US,U.S. Total,RES,residential,11.62,93166.13873,cents per kilowatt-hour,million kilowatt hours
2010-04,US,U.S. Total,RES,residential,11.71,88046.43494,cents per kilowatt-hour,million kilowatt hours
2012-10,US,U.S. Total,RES,residential,12.03,96669.43338,cents per kilowatt-hour,million kilowatt hours
2017-11,US,U.S. Total,RES,residential,12.94,98320.56549,cents per kilowatt-hour,million kilowatt hours
2017-08,US,U.S. Total,RES,residential,13.15,142007.16653,cents per kilowatt-hour,million kilowatt hours
2012-09,US,U.S. Total,RES,residential,12.3,118831.34204,cents per kilowatt-hour,million kilowatt hours
2010-09,US,U.S. Total,RES,residential,11.95,124582.73197,cents per kilowatt-hour,million kilowatt hours
2017-01,US,U.S. Total,RES,residential,12.21,129212.49867,cents per kilowatt-hour,million kilowatt hours
2018-03,US,U.S. Total,RES,residential,12.97,107218.43099,cents per kilowatt-hour,million kilowatt hours
2017-12,US,U.S. Total,RES,residential,12.45,122004.61658,cents per kilowatt-hour,million kilowatt hours
2021-10,US,U.S. Total,RES,residential,14.06,103992.2144,cents per kilowatt-hour,million kilowatt hours
2021-07,US,U.S. Total,RES,residential,13.83,154494.57173,cents per kilowatt-hour,million kilowatt hours
2021-11,US,U.S. Total,RES,residential,14.07,100590.96639,cents per kilowatt-hour,million kilowatt hours
2017-05,US,U.S. Total,RES,residential,13.07,98281.15882,cents per kilowatt-hour,million kilowatt hours
2021-03,US,U.S. Total,RES,residential,13.24,114373.98006,cents per kilowatt-hour,million kilowatt hours
2017-02,US,U.S. Total,RES,residential,12.79,100968.2357,cents per kilowatt-hour,million kilowatt hours
2011-06,US,U.S. Total,RES,residential,11.97,125982.78519,cents per kilowatt-hour,million kilowatt hours
2015-01,US,U.S. Total,RES,residential,12.1,137764.85879,cents per kilowatt-hour,million kilowatt hours
2014-12,US,U.S. Total,RES,residential,12.17,120800.62015,cents per kilowatt-hour,million kilowatt hours
2012-08,US,U.S. Total,RES,residential,12.17,147941.04266,cents per kilowatt-hour,million kilowatt hours
2012-04,US,U.S. Total,RES,residential,11.92,88103.20953,cents per kilowatt-hour,million kilowatt hours
2014-10,US,U.S. Total,RES,residential,12.6,98037.68189,cents per kilowatt-hour,million kilowatt hours
2016-12,US,U.S. Total,RES,residential,12.23,121280.85551,cents per kilowatt-hour,million kilowatt hours
2013-02,US,U.S. Total,RES,residential,11.63,113113.88543,cents per kilowatt-hour,million kilowatt hours
2014-11,US,U.S. Total,RES,residential,12.48,99485.77105,cents per kilowatt-hour,million kilowatt hours
2024-03,US,U.S. Total,RES,residential,16.68,102624.90208,cents per kilowatt-hour,million kilowatt hours
2014-07,US,U.S. Total,RES,residential,13.09,137027.96944,cents per kilowatt-hour,million kilowatt hours
2015-03,US,U.S. Total,RES,residential,12.33,117167.11068,cents per kilowatt-hour,million kilowatt hours
2012-11,US,U.S. Total,RES,residential,11.75,97155.23195,cents per kilowatt-hour,million kilowatt hours
2024-02,US,U.S. Total,RES,residential,16.11,116110.35053,cents per kilowatt-hour,million kilowatt hours
2023-09,US,U.S. Total,RES,residential,16.27,132807.00629,cents per kilowatt-hour,million kilowatt hours
2020-06,US,U.S. Total,RES,residential,13.22,131538.05061,cents per kilowatt-hour,million kilowatt hours
2020-03,US,U.S. Total,RES,residential,13.04,104254.94269,cents per kilowatt-hour,million kilowatt hours
2018-09,US,U.S. Total,RES,residential,13.01,128909.79255,cents per kilowatt-hour,million kilowatt hours
2016-06,US,U.S. Total,RES,residential,12.73,125211.23945,cents per kilowatt-hour,million kilowatt hours
2020-01,US,U.S. Total,RES,residential,12.76,124442.2113,cents per kilowatt-hour,million kilowatt hours
2018-08,US,U.S. Total,RES,residential,13.26,153496.49426,cents per kilowatt-hour,million kilowatt hours
2019-06,US,U.S. Total,RES,residential,13.32,120116.16993,cents per kilowatt-hour,million kilowatt hours
2013-01,US,U.S. Total,RES,residential,11.46,131784.83713,cents per kilowatt-hour,million kilowatt hours
2019-10,US,U.S. Total,RES,residential,12.81,107997.2082,cents per kilowatt-hour,million kilowatt hours
2020-12,US,U.S. Total,RES,residential,12.78,129760.75834,cents per kilowatt-hour,million kilowatt hours
2015-07,US,U.S. Total,RES,residential,12.94,146038.29057,cents per kilowatt-hour,million kilowatt hours
2017-03,US,U.S. Total,RES,residential,12.89,103095.52026,cents per kilowatt-hour,million kilowatt hours
2014-04,US,U.S. Total,RES,residential,12.31,92289.71503,cents per kilowatt-hour,million kilowatt hours
2020-09,US,U.S. Total,RES,residential,13.49,127823.89319,cents per kilowatt-hour,million kilowatt hours
2024-10,US,U.S. Total,RES,residential,16.93,106874.35782,cents per kilowatt-hour,million kilowatt hours
2018-11,US,U.S. Total,RES,residential,12.9,103789.9565,cents per kilowatt-hour,million kilowatt hours
2013-11,US,U.S. Total,RES,residential,12.1,97904.01594,cents per kilowatt-hour,million kilowatt hours
2014-03,US,U.S. Total,RES,residential,12.25,114232.80446,cents per kilowatt-hour,million kilowatt hours
2013-12,US,U.S. Total,RES,residential,11.72,128966.06076,cents per kilowatt-hour,million kilowatt hours
2014-02,US,U.S. Total,RES,residential,11.94,128475.35803,cents per kilowatt-hour,million kilowatt hours
2015-12,US,U.S. Total,RES,residential,12.32,111670.43689,cents per kilowatt-hour,million kilowatt hours
2015-08,US,U.S. Total,RES,residential,12.91,144515.14459,cents per kilowatt-hour,million kilowatt hours
2013-10,US,U.S. Total,RES,residential,12.36,98893.01479,cents per kilowatt-hour,million kilowatt hours
2016-11,US,U.S. Total,RES,residential,12.75,93244.09126,cents per kilowatt-hour,million kilowatt hours
2015-10,US,U.S. Total,RES,residential,12.72,99349.04737,cents per kilowatt-hour,million kilowatt hours
2014-01,US,U.S. Total,RES,residential,11.65,146511.44233,cents per kilowatt-hour,million kilowatt hours
2016-10,US,U.S. Total,RES,residential,12.46,101507.96582,cents per kilowatt-hour,million kilowatt hours
2018-10,US,U.S. Total,RES,residential,12.85,107048.75285,cents per kilowatt-hour,million kilowatt hours
2018-12,US,U.S. Total,RES,residential,12.43,123180.40374,cents per kilowatt-hour,million kilowatt hours
2016-05,US,U.S. Total,RES,residential,12.79,94198.0297,cents per kilowatt-hour,million kilowatt hours
2014-05,US,U.S. Total,RES,residential,12.85,95726.76781,cents per kilowatt-hour,million kilowatt hours
2016-07,US,U.S. Total,RES,residential,12.68,154409.32698,cents per kilowatt-hour,million kilowatt hours
2013-09,US,U.S. Total,RES,residential,12.51,121419.21582,cents per kilowatt-hour,million kilowatt hours
2019-12,US,U.S. Total,RES,residential,12.68,121078.07664,cents per kilowatt-hour,million kilowatt hours
2013-07,US,U.S. Total,RES,residential,12.65,143854.74884,cents per kilowatt-hour,million kilowatt hours
